"record_type","id","kind","row_index","value_or_count","unit","summary_or_row_json","provenance","status","computed_revision","computed_geometry_revision","invalidation_reason","result_status","exported_row_count"
"measurement","measurement-13","distance","","0.7539359646846756","angstrom","distance 0.754 Å","Closest atom-pair Euclidean distance in the displayed Cartesian coordinates.","valid","","3","","",""
"measurement","measurement-14","distance","","5.259177100325911","angstrom","distance 5.259 Å","Closest atom-pair Euclidean distance in the displayed Cartesian coordinates.","valid","","3","","",""
"measurement","measurement-15","distance","","0.9760995152063081","angstrom","distance 0.976 Å","Closest atom-pair Euclidean distance in the displayed Cartesian coordinates.","valid","","3","","",""
"measurement","measurement-16","distance","","5.693491646641957","angstrom","distance 5.693 Å","Closest atom-pair Euclidean distance in the displayed Cartesian coordinates.","valid","","3","","",""
"measurement","measurement-17","distance","","0.12002295085955172","angstrom","distance 0.120 Å","Closest atom-pair Euclidean distance in the displayed Cartesian coordinates.","valid","","3","","",""
"analysis","analysis-4","contacts","","","angstrom","Invalidated: Structure coordinates changed at geometry revision 1. Recompute this analysis.","All cross-selection atom pairs at or below 4.00 Å in displayed Cartesian coordinates; identical atoms excluded.","invalidated","4","0","Structure coordinates changed at geometry revision 1. Recompute this analysis.","complete","0"
"analysis","analysis-12","rmsd","","1","angstrom","RMSD 0.004 Å across 9 atom pairs using explicit atom-ID order; 0 unmatched reference atoms, 0 unmatched mobile atoms, 0 ambiguous identities, 0 atoms excluded by ambiguity.","Least-squares rigid-body superposition using Horn's unit-quaternion solution with at least 3 non-collinear pairs. Correspondence is positional: the two atom_ids arrays are paired in their requested order, and every ID must be unique and present in the live catalog.","valid","12","3","","complete","1"
"analysis_row","analysis-12","rmsd","0","","angstrom","{""alignedAtomCount"":9,""alignedAtomPairs"":""reference chain C residue 6 TRP atom CG (C) [normal_free|1_555|3137] -> mobile chain C residue 6 TRP atom CG (C) [normal_bound|1_555|3137]; reference chain C residue 6 TRP atom CD1 (C) [normal_free|1_555|3138] -> mobile chain C residue 6 TRP atom CD1 (C) [normal_bound|1_555|3138]; reference chain C residue 6 TRP atom CD2 (C) [normal_free|1_555|3139] -> mobile chain C residue 6 TRP atom CD2 (C) [normal_bound|1_555|3139]; +6 more"",""ambiguousIdentityCount"":0,""ambiguousMobileAtomCount"":0,""ambiguousReferenceAtomCount"":0,""ambiguousIdentities"":""none"",""correspondenceMethod"":""explicit_atom_ids"",""fitGeometry"":""non_collinear"",""fitMinimumAtomPairs"":3,""rmsdAngstrom"":0.004011,""unmatchedMobileAtomCount"":0,""unmatchedMobileAtoms"":""none"",""unmatchedReferenceAtomCount"":0,""unmatchedReferenceAtoms"":""none""}","Least-squares rigid-body superposition using Horn's unit-quaternion solution with at least 3 non-collinear pairs. Correspondence is positional: the two atom_ids arrays are paired in their requested order, and every ID must be unique and present in the live catalog.","valid","12","3","","",""
"analysis","analysis-18","contacts","","8","angstrom","8 atom contacts within 4.00 Å.","All cross-selection atom pairs at or below 4.00 Å in displayed Cartesian coordinates; identical atoms excluded.","valid","18","3","","complete","8"
"analysis_row","analysis-18","contacts","0","","angstrom","{""distanceAngstrom"":3.904153,""firstAtomId"":""primary|1_555|3138"",""firstResidue"":""primary|1_555|C:380:TRP:"",""secondAtomId"":""primary|1_555|3968"",""secondResidue"":""primary|1_555|D:481:TYR:""}","All cross-selection atom pairs at or below 4.00 Å in displayed Cartesian coordinates; identical atoms excluded.","valid","18","3","","",""
"analysis_row","analysis-18","contacts","1","","angstrom","{""distanceAngstrom"":3.87156,""firstAtomId"":""primary|1_555|3140"",""firstResidue"":""primary|1_555|C:380:TRP:"",""secondAtomId"":""primary|1_555|3963"",""secondResidue"":""primary|1_555|D:481:TYR:""}","All cross-selection atom pairs at or below 4.00 Å in displayed Cartesian coordinates; identical atoms excluded.","valid","18","3","","",""
"analysis_row","analysis-18","contacts","2","","angstrom","{""distanceAngstrom"":3.840898,""firstAtomId"":""primary|1_555|3140"",""firstResidue"":""primary|1_555|C:380:TRP:"",""secondAtomId"":""primary|1_555|3964"",""secondResidue"":""primary|1_555|D:481:TYR:""}","All cross-selection atom pairs at or below 4.00 Å in displayed Cartesian coordinates; identical atoms excluded.","valid","18","3","","",""
"analysis_row","analysis-18","contacts","3","","angstrom","{""distanceAngstrom"":3.599952,""firstAtomId"":""primary|1_555|3140"",""firstResidue"":""primary|1_555|C:380:TRP:"",""secondAtomId"":""primary|1_555|3965"",""secondResidue"":""primary|1_555|D:481:TYR:""}","All cross-selection atom pairs at or below 4.00 Å in displayed Cartesian coordinates; identical atoms excluded.","valid","18","3","","",""
"analysis_row","analysis-18","contacts","4","","angstrom","{""distanceAngstrom"":3.560717,""firstAtomId"":""primary|1_555|3140"",""firstResidue"":""primary|1_555|C:380:TRP:"",""secondAtomId"":""primary|1_555|3966"",""secondResidue"":""primary|1_555|D:481:TYR:""}","All cross-selection atom pairs at or below 4.00 Å in displayed Cartesian coordinates; identical atoms excluded.","valid","18","3","","",""
"analysis_row","analysis-18","contacts","5","","angstrom","{""distanceAngstrom"":3.300157,""firstAtomId"":""primary|1_555|3140"",""firstResidue"":""primary|1_555|C:380:TRP:"",""secondAtomId"":""primary|1_555|3967"",""secondResidue"":""primary|1_555|D:481:TYR:""}","All cross-selection atom pairs at or below 4.00 Å in displayed Cartesian coordinates; identical atoms excluded.","valid","18","3","","",""
"analysis_row","analysis-18","contacts","6","","angstrom","{""distanceAngstrom"":3.278193,""firstAtomId"":""primary|1_555|3140"",""firstResidue"":""primary|1_555|C:380:TRP:"",""secondAtomId"":""primary|1_555|3968"",""secondResidue"":""primary|1_555|D:481:TYR:""}","All cross-selection atom pairs at or below 4.00 Å in displayed Cartesian coordinates; identical atoms excluded.","valid","18","3","","",""
"analysis_row","analysis-18","contacts","7","","angstrom","{""distanceAngstrom"":3.785906,""firstAtomId"":""primary|1_555|3140"",""firstResidue"":""primary|1_555|C:380:TRP:"",""secondAtomId"":""primary|1_555|3969"",""secondResidue"":""primary|1_555|D:481:TYR:""}","All cross-selection atom pairs at or below 4.00 Å in displayed Cartesian coordinates; identical atoms excluded.","valid","18","3","","",""
